term,coef,SE_cluster,CI_low,CI_high,p,model
Intercept,1.1375096436653953,0.1328599460744011,0.8771041493595692,1.3979151379712214,1.1119608852784329e-17,step10_pressure_RT_coef
time_pressure[T.Yes],-0.0047236532077106,0.0999111550399072,-0.2005495170859288,0.1911022106705075,0.9622912342028888,step10_pressure_RT_coef
frame[T.Loss],0.274262552650144,0.0985947848260366,0.0810167743911122,0.4675083309091759,0.005407256780091,step10_pressure_RT_coef
language[T.ZH-S],-0.1207946419516676,0.1137510691305511,-0.3437467374475478,0.1021574535442124,0.288271579175726,step10_pressure_RT_coef
conflict,-0.1829846826255599,0.0559178783971404,-0.2925837242839552,-0.0733856409671646,0.0010664521764842,step10_pressure_RT_coef
Intercept,1.1375096436653953,0.1328599460744011,0.8771041493595692,1.3979151379712214,1.1119608852784329e-17,step9_conflict_RT_coef
time_pressure[T.Yes],-0.0047236532077106,0.0999111550399072,-0.2005495170859288,0.1911022106705075,0.9622912342028888,step9_conflict_RT_coef
frame[T.Loss],0.274262552650144,0.0985947848260366,0.0810167743911122,0.4675083309091759,0.005407256780091,step9_conflict_RT_coef
language[T.ZH-S],-0.1207946419516676,0.1137510691305511,-0.3437467374475478,0.1021574535442124,0.288271579175726,step9_conflict_RT_coef
conflict,-0.1829846826255599,0.0559178783971404,-0.2925837242839552,-0.0733856409671646,0.0010664521764842,step9_conflict_RT_coef
