month,brand,topic_label,posts
2022-12,PayPal,informational,5
2022-12,UPS,emotional,8
2022-12,UPS,informational,2
2022-12,Walmart,emotional,8
2022-12,Walmart,informational,18
2022-12,amazon,emotional,3
2022-12,amazon,informational,17
2023-01,PayPal,emotional,4
2023-01,PayPal,informational,14
2023-01,UPS,emotional,8
2023-01,UPS,informational,7
2023-01,Walmart,informational,4
2023-01,amazon,emotional,16
2023-01,amazon,informational,22
2023-02,PayPal,emotional,4
2023-02,PayPal,informational,10
2023-02,UPS,emotional,4
2023-02,UPS,informational,4
2023-02,Walmart,emotional,10
2023-02,Walmart,informational,16
2023-02,amazon,emotional,9
2023-02,amazon,informational,18
2023-03,PayPal,emotional,18
2023-03,PayPal,informational,17
2023-03,UPS,emotional,8
2023-03,UPS,informational,7
2023-03,Walmart,emotional,3
2023-03,Walmart,informational,11
2023-03,amazon,emotional,9
2023-03,amazon,informational,18
2023-04,PayPal,emotional,1
2023-04,PayPal,informational,6
2023-04,UPS,emotional,3
2023-04,UPS,informational,3
2023-04,Walmart,emotional,1
2023-04,Walmart,informational,2
2023-04,amazon,emotional,2
2023-04,amazon,informational,4
