encoded_feature,standardized_log_odds_coefficient,odds_ratio_per_train_sd
Tenure,-0.9550418136188127,0.3847960545010457
Complain,0.6170200523899324,1.8533967792003798
PreferedOrderCat_Laptop & Accessory,-0.34412696747260935,0.708838922849244
CityTier,0.3426603014127459,1.4086901505852225
NumberOfStreamerFollowed,0.337827309320397,1.401898387715052
SatisfactionScore,0.2681606080724816,1.3075571273815398
DaySinceLastOrder,-0.25874003323760225,0.7720236974593571
AgeGroup,0.24320246560404626,1.275326807793417
WarehouseToHome,0.2311055686905158,1.2599922481600285
MaritalStatus_Single,0.226675927719278,1.2544232782488405
DiscountAmount,-0.2097624907397467,0.8107767900994222
PreferedOrderCat_Household,0.20110174595809002,1.222749175280788
MaritalStatus_Married,-0.1774108954030392,0.837435615374377
OrderCount,0.16901112320523853,1.184133310208555
PreferedOrderCat_Others,0.13873426928818886,1.1488187830063998
CouponUsed,0.12277465737712033,1.130629613196501
OrderAmountHikeFromlastYear,-0.10631224265318027,0.8991438531778264
PreferedOrderCat_Mobile Phone,0.10469291165980324,1.110369576444381
PreferredLoginDevice_Pad,0.09343135959784933,1.0979352380385026
PreferedOrderCat_Fashion,0.0775973156720462,1.0806873951616194
HourSpendOnApp,-0.07409409380757945,0.9285843156965581
Gender_Male,0.05872741179464024,1.0604861253275115
Gender_Female,-0.05872741179464024,0.9429637749302646
PreferredLoginDevice_Mobile Phone,-0.056364838401114545,0.9451942298251813
MaritalStatus_Divorced,-0.04589314899484671,0.9551440148364551
PreferredLoginDevice_Phone,-0.034020680710378275,0.9665515154588553
PreferedOrderCat_Grocery,-0.02105422258270889,0.9791658702276322
